Total Successful Actions,Total Def Actions,Retention %
76.79083574860782,16.310599848888984,68.88888888888889
31.15358127303132,9.647951817614459,14.11204607482336
