Total Successful Actions,Total Def Actions,Retention %
66.30046868374367,14.978282820849696,64.49579831932772
31.431002064984586,11.295141107152478,13.252592053391247
