Total Def Actions,Progr Regain ,Pass Completion ,Def Aerial %
26.024353105377326,56.905,75.0,100.0
9.474803448091436,18.85503652494939,9.348512130054123,27.666889334668
