Total Def Actions,Progr Regain ,Pass Completion ,Def Aerial %
17.589706180261636,66.67,80.0,66.66666666666666
9.089037714161835,21.970394649420303,11.86655181965654,30.562637443138765
