Total Successful Actions,Total Def Actions,Retention %
74.17017232148923,21.555965710722667,60.0
31.220594219484692,15.84327809176119,12.67457716083976
