Total Def Actions,Total Successful Actions,Progr Regain ,Retention %
28.21653086607266,72.85714285714286,60.0,68.18181818181819
11.537177202603528,28.835624751314345,14.845759505110616,8.428976859296602
