Total Def Actions,Progr Regain ,Pass Completion 
16.94185279026118,60.0,75.0
8.932834360445877,20.510149546638456,14.812640151477488
