Total Def Actions,Progr Regain ,Pass Completion 
25.14769082385351,50.0,60.652499999999996
10.382993589389272,18.548333080968955,13.796756671676048
