Total Def Actions,Progr Regain ,Pass Completion 
19.174397971173068,57.14,72.88
11.121315718013166,25.93473532539387,14.1113130902458
