Total Def Actions,Efforts on Goal
6.90797667741454,3.3343764564312055
5.749505177269975,3.2006541962207806
