Total Def Actions,Efforts on Goal
8.798671339839512,3.1043336115106257
5.957718369714285,3.211023209435959
