Total Def Actions,Efforts on Goal
6.752698392741304,2.5206814850640873
5.313524252860404,2.7116199924143594
