Position Tag,Adjusted Rate
AM,113.36032388663966
CB,101.14497480877452
CF,93.41238129514676
CM,115.40198254526956
DM,98.96773691186692
FB,104.87460577669778
GK,95.10031828250753
Wing,104.5185877892522
