Position Tag,Adjusted Rate
AM,72.6643598615917
CB,93.5754604872252
CF,75.83133244024957
CM,80.24977343601144
DM,93.2310853634383
FB,88.26691959466181
GK,74.20565953654189
Wing,85.23518703274183
