Position Tag,Adjusted Rate
AM,129.6612099206099
CB,127.51743055289919
CF,103.02688509212912
CM,124.9768499137291
DM,116.38804949552872
FB,124.28894940318995
GK,111.0783973849333
Wing,115.56763370191238
