Position Tag,Adjusted Rate
AM,72.6643598615917
CB,84.27543407935565
CF,72.06242065972563
CM,91.26384578215632
DM,109.5754109724698
FB,84.80273632370897
GK,66.53631907308379
Wing,72.3486802801561
