Position Tag,Adjusted Rate
AM,101.48448043184885
CB,102.17115685529969
CF,86.67467919899445
CM,97.10658216869317
DM,101.92441200025608
FB,97.43396599631448
GK,78.57091159213775
Wing,90.70773495687786
